"title","start_time","end_time","description","exercise_title","superset_id","exercise_notes","set_index","set_type","weight_kg","reps","distance_km","duration_seconds","rpe"
"LEGS","Jun 11, 2026, 1:10 PM","Jun 11, 2026, 1:48 PM","","Squat (Barbell)",,"",0,"normal",40,12,,,
"LEGS","Jun 11, 2026, 1:10 PM","Jun 11, 2026, 1:48 PM","","Squat (Barbell)",,"",1,"normal",40,12,,,
"LEGS","Jun 11, 2026, 1:10 PM","Jun 11, 2026, 1:48 PM","","Squat (Barbell)",,"",2,"normal",40,12,,,
"LEGS","Jun 11, 2026, 1:10 PM","Jun 11, 2026, 1:48 PM","","Bulgarian Split Squat",,"",0,"normal",8,10,,,
"LEGS","Jun 11, 2026, 1:10 PM","Jun 11, 2026, 1:48 PM","","Bulgarian Split Squat",,"",1,"normal",8,8,,,
"LEGS","Jun 11, 2026, 1:10 PM","Jun 11, 2026, 1:48 PM","","Bulgarian Split Squat",,"",2,"normal",8,8,,,
"LEGS","Jun 11, 2026, 1:10 PM","Jun 11, 2026, 1:48 PM","","Standing Calf Raise",,"12",0,"normal",,12,,,
"LEGS","Jun 11, 2026, 1:10 PM","Jun 11, 2026, 1:48 PM","","Standing Calf Raise",,"12",1,"normal",,12,,,
"LEGS","Jun 11, 2026, 1:10 PM","Jun 11, 2026, 1:48 PM","","Standing Calf Raise",,"12",2,"normal",,12,,,
"LEGS","Jun 11, 2026, 1:10 PM","Jun 11, 2026, 1:48 PM","","Seated Calf Raise",,"",0,"normal",50,10,,,
"LEGS","Jun 11, 2026, 1:10 PM","Jun 11, 2026, 1:48 PM","","Seated Calf Raise",,"",1,"normal",50,8,,,
"LEGS","Jun 11, 2026, 1:10 PM","Jun 11, 2026, 1:48 PM","","Seated Calf Raise",,"",2,"normal",50,8,,,
"PULL","Jun 9, 2026, 1:06 PM","Jun 9, 2026, 1:49 PM","","Bent Over Row (Barbell)",,"",0,"normal",40,12,,,
"PULL","Jun 9, 2026, 1:06 PM","Jun 9, 2026, 1:49 PM","","Bent Over Row (Barbell)",,"",1,"normal",40,12,,,
"PULL","Jun 9, 2026, 1:06 PM","Jun 9, 2026, 1:49 PM","","Bent Over Row (Barbell)",,"",2,"normal",40,11,,,
"PULL","Jun 9, 2026, 1:06 PM","Jun 9, 2026, 1:49 PM","","Lat Pulldown (Cable)",,"",0,"normal",40,12,,,
"PULL","Jun 9, 2026, 1:06 PM","Jun 9, 2026, 1:49 PM","","Lat Pulldown (Cable)",,"",1,"normal",40,12,,,
"PULL","Jun 9, 2026, 1:06 PM","Jun 9, 2026, 1:49 PM","","Lat Pulldown (Cable)",,"",2,"normal",40,10,,,
"PULL","Jun 9, 2026, 1:06 PM","Jun 9, 2026, 1:49 PM","","Chest Supported Incline Row (Dumbbell)",,"",0,"normal",10,10,,,
"PULL","Jun 9, 2026, 1:06 PM","Jun 9, 2026, 1:49 PM","","Chest Supported Incline Row (Dumbbell)",,"",1,"normal",10,11,,,
"PULL","Jun 9, 2026, 1:06 PM","Jun 9, 2026, 1:49 PM","","Chest Supported Incline Row (Dumbbell)",,"",2,"normal",10,10,,,
"PULL","Jun 9, 2026, 1:06 PM","Jun 9, 2026, 1:49 PM","","Bicep Curl (Barbell)",,"",0,"normal",24,8,,,
"PULL","Jun 9, 2026, 1:06 PM","Jun 9, 2026, 1:49 PM","","Bicep Curl (Barbell)",,"",1,"normal",24,6,,,
"PULL","Jun 9, 2026, 1:06 PM","Jun 9, 2026, 1:49 PM","","Bicep Curl (Barbell)",,"",2,"normal",24,5,,,
"PULL","Jun 9, 2026, 1:06 PM","Jun 9, 2026, 1:49 PM","","Face Pull",,"",0,"normal",12.5,12,,,
"PULL","Jun 9, 2026, 1:06 PM","Jun 9, 2026, 1:49 PM","","Face Pull",,"",1,"normal",12.5,12,,,
"PULL","Jun 9, 2026, 1:06 PM","Jun 9, 2026, 1:49 PM","","Face Pull",,"",2,"normal",12.5,12,,,
"PUSH","Jun 8, 2026, 1:14 PM","Jun 8, 2026, 1:56 PM","","Incline Bench Press (Barbell)",,"",0,"normal",45,12,,,
"PUSH","Jun 8, 2026, 1:14 PM","Jun 8, 2026, 1:56 PM","","Incline Bench Press (Barbell)",,"",1,"normal",45,10,,,
"PUSH","Jun 8, 2026, 1:14 PM","Jun 8, 2026, 1:56 PM","","Incline Bench Press (Barbell)",,"",2,"normal",45,8,,,
"PUSH","Jun 8, 2026, 1:14 PM","Jun 8, 2026, 1:56 PM","","Shoulder Press (Dumbbell)",,"",0,"normal",28,10,,,
"PUSH","Jun 8, 2026, 1:14 PM","Jun 8, 2026, 1:56 PM","","Shoulder Press (Dumbbell)",,"",1,"normal",28,8,,,
"PUSH","Jun 8, 2026, 1:14 PM","Jun 8, 2026, 1:56 PM","","Shoulder Press (Dumbbell)",,"",2,"normal",28,6,,,
"PUSH","Jun 8, 2026, 1:14 PM","Jun 8, 2026, 1:56 PM","","Bench Press (Dumbbell)",,"",0,"normal",32,12,,,
"PUSH","Jun 8, 2026, 1:14 PM","Jun 8, 2026, 1:56 PM","","Bench Press (Dumbbell)",,"",1,"normal",32,8,,,
"PUSH","Jun 8, 2026, 1:14 PM","Jun 8, 2026, 1:56 PM","","Bench Press (Dumbbell)",,"",2,"normal",32,6,,,
"PUSH","Jun 8, 2026, 1:14 PM","Jun 8, 2026, 1:56 PM","","Lateral Raise (Dumbbell)",,"",0,"normal",6,8,,,
"PUSH","Jun 8, 2026, 1:14 PM","Jun 8, 2026, 1:56 PM","","Lateral Raise (Dumbbell)",,"",1,"normal",6,8,,,
"PUSH","Jun 8, 2026, 1:14 PM","Jun 8, 2026, 1:56 PM","","Lateral Raise (Dumbbell)",,"",2,"normal",6,8,,,
"PUSH","Jun 8, 2026, 1:14 PM","Jun 8, 2026, 1:56 PM","","Skullcrusher (Dumbbell)",,"",0,"normal",10,12,,,
"PUSH","Jun 8, 2026, 1:14 PM","Jun 8, 2026, 1:56 PM","","Skullcrusher (Dumbbell)",,"",1,"normal",12.5,10,,,
"PUSH","Jun 8, 2026, 1:14 PM","Jun 8, 2026, 1:56 PM","","Skullcrusher (Dumbbell)",,"",2,"normal",12.5,10,,,
"PUSH","Jun 5, 2026, 1:08 PM","Jun 5, 2026, 1:54 PM","","Incline Bench Press (Barbell)",,"",0,"normal",45,10,,,
"PUSH","Jun 5, 2026, 1:08 PM","Jun 5, 2026, 1:54 PM","","Incline Bench Press (Barbell)",,"",1,"normal",45,8,,,
"PUSH","Jun 5, 2026, 1:08 PM","Jun 5, 2026, 1:54 PM","","Incline Bench Press (Barbell)",,"",2,"normal",45,8,,,
"PUSH","Jun 5, 2026, 1:08 PM","Jun 5, 2026, 1:54 PM","","Shoulder Press (Dumbbell)",,"",0,"normal",28,10,,,
"PUSH","Jun 5, 2026, 1:08 PM","Jun 5, 2026, 1:54 PM","","Shoulder Press (Dumbbell)",,"",1,"normal",28,8,,,
"PUSH","Jun 5, 2026, 1:08 PM","Jun 5, 2026, 1:54 PM","","Shoulder Press (Dumbbell)",,"",2,"normal",28,4,,,
"PUSH","Jun 5, 2026, 1:08 PM","Jun 5, 2026, 1:54 PM","","Bench Press (Dumbbell)",,"Did bench barbell instead (40kg)",0,"normal",32,12,,,
"PUSH","Jun 5, 2026, 1:08 PM","Jun 5, 2026, 1:54 PM","","Bench Press (Dumbbell)",,"Did bench barbell instead (40kg)",1,"normal",32,10,,,
"PUSH","Jun 5, 2026, 1:08 PM","Jun 5, 2026, 1:54 PM","","Bench Press (Dumbbell)",,"Did bench barbell instead (40kg)",2,"normal",32,10,,,
"PUSH","Jun 5, 2026, 1:08 PM","Jun 5, 2026, 1:54 PM","","Lateral Raise (Dumbbell)",,"",0,"normal",6,10,,,
"PUSH","Jun 5, 2026, 1:08 PM","Jun 5, 2026, 1:54 PM","","Lateral Raise (Dumbbell)",,"",1,"normal",6,10,,,
"PUSH","Jun 5, 2026, 1:08 PM","Jun 5, 2026, 1:54 PM","","Lateral Raise (Dumbbell)",,"",2,"normal",6,10,,,
"PUSH","Jun 5, 2026, 1:08 PM","Jun 5, 2026, 1:54 PM","","Skullcrusher (Dumbbell)",,"",0,"normal",10,12,,,
"PUSH","Jun 5, 2026, 1:08 PM","Jun 5, 2026, 1:54 PM","","Skullcrusher (Dumbbell)",,"",1,"normal",10,12,,,
"PUSH","Jun 5, 2026, 1:08 PM","Jun 5, 2026, 1:54 PM","","Skullcrusher (Dumbbell)",,"",2,"normal",10,10,,,
"LEGS","Jun 4, 2026, 1:16 PM","Jun 4, 2026, 1:54 PM","","Squat (Barbell)",,"",0,"normal",40,10,,,
"LEGS","Jun 4, 2026, 1:16 PM","Jun 4, 2026, 1:54 PM","","Squat (Barbell)",,"",1,"normal",40,10,,,
"LEGS","Jun 4, 2026, 1:16 PM","Jun 4, 2026, 1:54 PM","","Squat (Barbell)",,"",2,"normal",40,10,,,
"LEGS","Jun 4, 2026, 1:16 PM","Jun 4, 2026, 1:54 PM","","Bulgarian Split Squat",,"",0,"normal",8,10,,,
"LEGS","Jun 4, 2026, 1:16 PM","Jun 4, 2026, 1:54 PM","","Bulgarian Split Squat",,"",1,"normal",8,10,,,
"LEGS","Jun 4, 2026, 1:16 PM","Jun 4, 2026, 1:54 PM","","Bulgarian Split Squat",,"",2,"normal",8,10,,,
"LEGS","Jun 4, 2026, 1:16 PM","Jun 4, 2026, 1:54 PM","","Standing Calf Raise",,"10kg",0,"normal",,15,,,
"LEGS","Jun 4, 2026, 1:16 PM","Jun 4, 2026, 1:54 PM","","Standing Calf Raise",,"10kg",1,"normal",,15,,,
"LEGS","Jun 4, 2026, 1:16 PM","Jun 4, 2026, 1:54 PM","","Standing Calf Raise",,"10kg",2,"normal",,15,,,
"LEGS","Jun 4, 2026, 1:16 PM","Jun 4, 2026, 1:54 PM","","Seated Calf Raise",,"",0,"normal",50,10,,,
"LEGS","Jun 4, 2026, 1:16 PM","Jun 4, 2026, 1:54 PM","","Seated Calf Raise",,"",1,"normal",50,8,,,
"LEGS","Jun 4, 2026, 1:16 PM","Jun 4, 2026, 1:54 PM","","Seated Calf Raise",,"",2,"normal",50,8,,,
"PULL","Jun 2, 2026, 1:00 PM","Jun 2, 2026, 1:36 PM","","Bent Over Row (Barbell)",,"",0,"normal",40,10,,,
"PULL","Jun 2, 2026, 1:00 PM","Jun 2, 2026, 1:36 PM","","Bent Over Row (Barbell)",,"",1,"normal",40,10,,,
"PULL","Jun 2, 2026, 1:00 PM","Jun 2, 2026, 1:36 PM","","Bent Over Row (Barbell)",,"",2,"normal",40,12,,,
"PULL","Jun 2, 2026, 1:00 PM","Jun 2, 2026, 1:36 PM","","Lat Pulldown (Cable)",,"",0,"normal",40,10,,,
"PULL","Jun 2, 2026, 1:00 PM","Jun 2, 2026, 1:36 PM","","Lat Pulldown (Cable)",,"",1,"normal",40,8,,,
"PULL","Jun 2, 2026, 1:00 PM","Jun 2, 2026, 1:36 PM","","Lat Pulldown (Cable)",,"",2,"normal",40,9,,,
"PULL","Jun 2, 2026, 1:00 PM","Jun 2, 2026, 1:36 PM","","Chest Supported Incline Row (Dumbbell)",,"",0,"normal",10,12,,,
"PULL","Jun 2, 2026, 1:00 PM","Jun 2, 2026, 1:36 PM","","Chest Supported Incline Row (Dumbbell)",,"",1,"normal",10,7,,,
"PULL","Jun 2, 2026, 1:00 PM","Jun 2, 2026, 1:36 PM","","Chest Supported Incline Row (Dumbbell)",,"",2,"normal",10,9,,,
"PULL","Jun 2, 2026, 1:00 PM","Jun 2, 2026, 1:36 PM","","Bicep Curl (Barbell)",,"",0,"normal",25,10,,,
"PULL","Jun 2, 2026, 1:00 PM","Jun 2, 2026, 1:36 PM","","Bicep Curl (Barbell)",,"",1,"normal",25,10,,,
"PULL","Jun 2, 2026, 1:00 PM","Jun 2, 2026, 1:36 PM","","Bicep Curl (Barbell)",,"",2,"normal",25,6,,,
"PULL","Jun 2, 2026, 1:00 PM","Jun 2, 2026, 1:36 PM","","Face Pull",,"",0,"normal",12.5,12,,,
"PULL","Jun 2, 2026, 1:00 PM","Jun 2, 2026, 1:36 PM","","Face Pull",,"",1,"normal",12.5,12,,,
"PULL","Jun 2, 2026, 1:00 PM","Jun 2, 2026, 1:36 PM","","Face Pull",,"",2,"normal",12.5,10,,,
"PUSH","Jun 1, 2026, 1:12 PM","Jun 1, 2026, 1:54 PM","","Incline Bench Press (Barbell)",,"",0,"normal",40,12,,,
"PUSH","Jun 1, 2026, 1:12 PM","Jun 1, 2026, 1:54 PM","","Incline Bench Press (Barbell)",,"",1,"normal",40,12,,,
"PUSH","Jun 1, 2026, 1:12 PM","Jun 1, 2026, 1:54 PM","","Incline Bench Press (Barbell)",,"",2,"normal",45,6,,,
"PUSH","Jun 1, 2026, 1:12 PM","Jun 1, 2026, 1:54 PM","","Shoulder Press (Dumbbell)",,"",0,"normal",28,10,,,
"PUSH","Jun 1, 2026, 1:12 PM","Jun 1, 2026, 1:54 PM","","Shoulder Press (Dumbbell)",,"",1,"normal",28,10,,,
"PUSH","Jun 1, 2026, 1:12 PM","Jun 1, 2026, 1:54 PM","","Shoulder Press (Dumbbell)",,"",2,"normal",28,6,,,
"PUSH","Jun 1, 2026, 1:12 PM","Jun 1, 2026, 1:54 PM","","Bench Press (Dumbbell)",,"",0,"normal",32,12,,,
"PUSH","Jun 1, 2026, 1:12 PM","Jun 1, 2026, 1:54 PM","","Bench Press (Dumbbell)",,"",1,"normal",32,8,,,
"PUSH","Jun 1, 2026, 1:12 PM","Jun 1, 2026, 1:54 PM","","Bench Press (Dumbbell)",,"",2,"normal",32,8,,,
"PUSH","Jun 1, 2026, 1:12 PM","Jun 1, 2026, 1:54 PM","","Lateral Raise (Dumbbell)",,"",0,"normal",6,10,,,
"PUSH","Jun 1, 2026, 1:12 PM","Jun 1, 2026, 1:54 PM","","Lateral Raise (Dumbbell)",,"",1,"normal",6,7,,,
"PUSH","Jun 1, 2026, 1:12 PM","Jun 1, 2026, 1:54 PM","","Lateral Raise (Dumbbell)",,"",2,"normal",6,7,,,
"PULL","May 31, 2026, 10:23 AM","May 31, 2026, 11:03 AM","","Bent Over Row (Barbell)",,"",0,"normal",40,10,,,
"PULL","May 31, 2026, 10:23 AM","May 31, 2026, 11:03 AM","","Bent Over Row (Barbell)",,"",1,"normal",40,10,,,
"PULL","May 31, 2026, 10:23 AM","May 31, 2026, 11:03 AM","","Bent Over Row (Barbell)",,"",2,"normal",40,10,,,
"PULL","May 31, 2026, 10:23 AM","May 31, 2026, 11:03 AM","","Lat Pulldown (Cable)",,"",0,"normal",40,10,,,
"PULL","May 31, 2026, 10:23 AM","May 31, 2026, 11:03 AM","","Lat Pulldown (Cable)",,"",1,"normal",40,10,,,
"PULL","May 31, 2026, 10:23 AM","May 31, 2026, 11:03 AM","","Lat Pulldown (Cable)",,"",2,"normal",40,10,,,
"PULL","May 31, 2026, 10:23 AM","May 31, 2026, 11:03 AM","","Chest Supported Incline Row (Dumbbell)",,"",0,"normal",10,12,,,
"PULL","May 31, 2026, 10:23 AM","May 31, 2026, 11:03 AM","","Chest Supported Incline Row (Dumbbell)",,"",1,"normal",10,10,,,
"PULL","May 31, 2026, 10:23 AM","May 31, 2026, 11:03 AM","","Chest Supported Incline Row (Dumbbell)",,"",2,"normal",10,10,,,
"PULL","May 31, 2026, 10:23 AM","May 31, 2026, 11:03 AM","","Bicep Curl (Barbell)",,"",0,"normal",25,10,,,
"PULL","May 31, 2026, 10:23 AM","May 31, 2026, 11:03 AM","","Bicep Curl (Barbell)",,"",1,"normal",25,7,,,
"PULL","May 31, 2026, 10:23 AM","May 31, 2026, 11:03 AM","","Bicep Curl (Barbell)",,"",2,"normal",25,7,,,
"PULL","May 31, 2026, 10:23 AM","May 31, 2026, 11:03 AM","","Face Pull",,"",0,"normal",12.5,12,,,
"PULL","May 31, 2026, 10:23 AM","May 31, 2026, 11:03 AM","","Face Pull",,"",1,"normal",12.5,10,,,
"PULL","May 31, 2026, 10:23 AM","May 31, 2026, 11:03 AM","","Face Pull",,"",2,"normal",12.5,10,,,
"PUSH","May 29, 2026, 1:26 PM","May 29, 2026, 2:07 PM","","Incline Bench Press (Barbell)",,"",0,"normal",40,12,,,
"PUSH","May 29, 2026, 1:26 PM","May 29, 2026, 2:07 PM","","Incline Bench Press (Barbell)",,"",1,"normal",40,12,,,
"PUSH","May 29, 2026, 1:26 PM","May 29, 2026, 2:07 PM","","Incline Bench Press (Barbell)",,"",2,"normal",40,10,,,
"PUSH","May 29, 2026, 1:26 PM","May 29, 2026, 2:07 PM","","Shoulder Press (Dumbbell)",,"",0,"normal",28,10,,,
"PUSH","May 29, 2026, 1:26 PM","May 29, 2026, 2:07 PM","","Shoulder Press (Dumbbell)",,"",1,"normal",28,8,,,
"PUSH","May 29, 2026, 1:26 PM","May 29, 2026, 2:07 PM","","Shoulder Press (Dumbbell)",,"",2,"normal",28,8,,,
"PUSH","May 29, 2026, 1:26 PM","May 29, 2026, 2:07 PM","","Bench Press (Dumbbell)",,"",0,"normal",32,10,,,
"PUSH","May 29, 2026, 1:26 PM","May 29, 2026, 2:07 PM","","Bench Press (Dumbbell)",,"",1,"normal",32,9,,,
"PUSH","May 29, 2026, 1:26 PM","May 29, 2026, 2:07 PM","","Bench Press (Dumbbell)",,"",2,"normal",32,8,,,
"PUSH","May 29, 2026, 1:26 PM","May 29, 2026, 2:07 PM","","Lateral Raise (Dumbbell)",,"",0,"normal",6,9,,,
"PUSH","May 29, 2026, 1:26 PM","May 29, 2026, 2:07 PM","","Lateral Raise (Dumbbell)",,"",1,"normal",6,8,,,
"PUSH","May 29, 2026, 1:26 PM","May 29, 2026, 2:07 PM","","Lateral Raise (Dumbbell)",,"",2,"normal",6,8,,,
"PUSH","May 29, 2026, 1:26 PM","May 29, 2026, 2:07 PM","","Skullcrusher (Dumbbell)",,"",0,"normal",10,12,,,
"PUSH","May 29, 2026, 1:26 PM","May 29, 2026, 2:07 PM","","Skullcrusher (Dumbbell)",,"",1,"normal",10,10,,,
"PUSH","May 29, 2026, 1:26 PM","May 29, 2026, 2:07 PM","","Skullcrusher (Dumbbell)",,"",2,"normal",10,10,,,
"LEGS","May 27, 2026, 4:46 PM","May 27, 2026, 5:20 PM","","Squat (Barbell)",,"",0,"normal",35,12,,,
"LEGS","May 27, 2026, 4:46 PM","May 27, 2026, 5:20 PM","","Squat (Barbell)",,"",1,"normal",35,12,,,
"LEGS","May 27, 2026, 4:46 PM","May 27, 2026, 5:20 PM","","Squat (Barbell)",,"",2,"normal",35,12,,,
"LEGS","May 27, 2026, 4:46 PM","May 27, 2026, 5:20 PM","","Bulgarian Split Squat",,"",0,"normal",6,12,,,
"LEGS","May 27, 2026, 4:46 PM","May 27, 2026, 5:20 PM","","Bulgarian Split Squat",,"",1,"normal",6,12,,,
"LEGS","May 27, 2026, 4:46 PM","May 27, 2026, 5:20 PM","","Bulgarian Split Squat",,"",2,"normal",6,12,,,
"LEGS","May 27, 2026, 4:46 PM","May 27, 2026, 5:20 PM","","Standing Calf Raise",,"8kg",0,"normal",,15,,,
"LEGS","May 27, 2026, 4:46 PM","May 27, 2026, 5:20 PM","","Standing Calf Raise",,"8kg",1,"normal",,15,,,
"LEGS","May 27, 2026, 4:46 PM","May 27, 2026, 5:20 PM","","Standing Calf Raise",,"8kg",2,"normal",,15,,,
"LEGS","May 27, 2026, 4:46 PM","May 27, 2026, 5:20 PM","","Seated Calf Raise",,"",0,"normal",35,12,,,
"LEGS","May 27, 2026, 4:46 PM","May 27, 2026, 5:20 PM","","Seated Calf Raise",,"",1,"normal",45,10,,,
"LEGS","May 27, 2026, 4:46 PM","May 27, 2026, 5:20 PM","","Seated Calf Raise",,"",2,"normal",45,10,,,
"PULL","May 26, 2026, 1:03 PM","May 26, 2026, 1:41 PM","","Bent Over Row (Barbell)",,"",0,"normal",35,12,,,
"PULL","May 26, 2026, 1:03 PM","May 26, 2026, 1:41 PM","","Bent Over Row (Barbell)",,"",1,"normal",35,12,,,
"PULL","May 26, 2026, 1:03 PM","May 26, 2026, 1:41 PM","","Bent Over Row (Barbell)",,"",2,"normal",35,12,,,
"PULL","May 26, 2026, 1:03 PM","May 26, 2026, 1:41 PM","","Lat Pulldown (Cable)",,"",0,"normal",35,12,,,
"PULL","May 26, 2026, 1:03 PM","May 26, 2026, 1:41 PM","","Lat Pulldown (Cable)",,"",1,"normal",35,12,,,
"PULL","May 26, 2026, 1:03 PM","May 26, 2026, 1:41 PM","","Lat Pulldown (Cable)",,"",2,"normal",40,7,,,
"PULL","May 26, 2026, 1:03 PM","May 26, 2026, 1:41 PM","","Chest Supported Incline Row (Dumbbell)",,"",0,"normal",12,8,,,
"PULL","May 26, 2026, 1:03 PM","May 26, 2026, 1:41 PM","","Chest Supported Incline Row (Dumbbell)",,"",1,"normal",10,10,,,
"PULL","May 26, 2026, 1:03 PM","May 26, 2026, 1:41 PM","","Chest Supported Incline Row (Dumbbell)",,"",2,"normal",10,10,,,
"PULL","May 26, 2026, 1:03 PM","May 26, 2026, 1:41 PM","","Bicep Curl (Barbell)",,"",0,"normal",25,12,,,
"PULL","May 26, 2026, 1:03 PM","May 26, 2026, 1:41 PM","","Bicep Curl (Barbell)",,"",1,"normal",25,10,,,
"PULL","May 26, 2026, 1:03 PM","May 26, 2026, 1:41 PM","","Bicep Curl (Barbell)",,"",2,"normal",25,8,,,
"PULL","May 26, 2026, 1:03 PM","May 26, 2026, 1:41 PM","","Face Pull",,"",0,"normal",12.5,12,,,
"PULL","May 26, 2026, 1:03 PM","May 26, 2026, 1:41 PM","","Face Pull",,"",1,"normal",12.5,10,,,
"PULL","May 26, 2026, 1:03 PM","May 26, 2026, 1:41 PM","","Face Pull",,"",2,"normal",12.5,10,,,
"PUSH","May 25, 2026, 1:19 PM","May 25, 2026, 2:03 PM","Need better form","Incline Bench Press (Barbell)",,"Did dumbells instead (exception).",0,"normal",40,10,,,
"PUSH","May 25, 2026, 1:19 PM","May 25, 2026, 2:03 PM","Need better form","Incline Bench Press (Barbell)",,"Did dumbells instead (exception).",1,"normal",40,10,,,
"PUSH","May 25, 2026, 1:19 PM","May 25, 2026, 2:03 PM","Need better form","Incline Bench Press (Barbell)",,"Did dumbells instead (exception).",2,"normal",40,5,,,
"PUSH","May 25, 2026, 1:19 PM","May 25, 2026, 2:03 PM","Need better form","Shoulder Press (Dumbbell)",,"",0,"normal",24,12,,,
"PUSH","May 25, 2026, 1:19 PM","May 25, 2026, 2:03 PM","Need better form","Shoulder Press (Dumbbell)",,"",1,"normal",28,7,,,
"PUSH","May 25, 2026, 1:19 PM","May 25, 2026, 2:03 PM","Need better form","Shoulder Press (Dumbbell)",,"",2,"normal",28,7,,,
"PUSH","May 25, 2026, 1:19 PM","May 25, 2026, 2:03 PM","Need better form","Bench Press (Dumbbell)",,"",0,"normal",28,12,,,
"PUSH","May 25, 2026, 1:19 PM","May 25, 2026, 2:03 PM","Need better form","Bench Press (Dumbbell)",,"",1,"normal",28,12,,,
"PUSH","May 25, 2026, 1:19 PM","May 25, 2026, 2:03 PM","Need better form","Bench Press (Dumbbell)",,"",2,"normal",28,12,,,
"PUSH","May 25, 2026, 1:19 PM","May 25, 2026, 2:03 PM","Need better form","Lateral Raise (Dumbbell)",,"",0,"normal",6,12,,,
"PUSH","May 25, 2026, 1:19 PM","May 25, 2026, 2:03 PM","Need better form","Lateral Raise (Dumbbell)",,"",1,"normal",6,10,,,
"PUSH","May 25, 2026, 1:19 PM","May 25, 2026, 2:03 PM","Need better form","Lateral Raise (Dumbbell)",,"",2,"normal",6,10,,,
"PUSH","May 25, 2026, 1:19 PM","May 25, 2026, 2:03 PM","Need better form","Skullcrusher (Dumbbell)",,"",0,"normal",10,12,,,
"PUSH","May 25, 2026, 1:19 PM","May 25, 2026, 2:03 PM","Need better form","Skullcrusher (Dumbbell)",,"",1,"normal",10,8,,,
"PUSH","May 25, 2026, 1:19 PM","May 25, 2026, 2:03 PM","Need better form","Skullcrusher (Dumbbell)",,"",2,"normal",10,8,,,
"PUSH","May 22, 2026, 1:12 PM","May 22, 2026, 1:55 PM","","Incline Bench Press (Barbell)",,"",0,"normal",40,10,,,
"PUSH","May 22, 2026, 1:12 PM","May 22, 2026, 1:55 PM","","Incline Bench Press (Barbell)",,"",1,"normal",40,10,,,
"PUSH","May 22, 2026, 1:12 PM","May 22, 2026, 1:55 PM","","Incline Bench Press (Barbell)",,"",2,"normal",40,8,,,
"PUSH","May 22, 2026, 1:12 PM","May 22, 2026, 1:55 PM","","Shoulder Press (Dumbbell)",,"",0,"normal",24,12,,,
"PUSH","May 22, 2026, 1:12 PM","May 22, 2026, 1:55 PM","","Shoulder Press (Dumbbell)",,"",1,"normal",24,12,,,
"PUSH","May 22, 2026, 1:12 PM","May 22, 2026, 1:55 PM","","Shoulder Press (Dumbbell)",,"",2,"normal",24,12,,,
"PUSH","May 22, 2026, 1:12 PM","May 22, 2026, 1:55 PM","","Bench Press (Dumbbell)",,"",0,"normal",28,10,,,
"PUSH","May 22, 2026, 1:12 PM","May 22, 2026, 1:55 PM","","Bench Press (Dumbbell)",,"",1,"normal",28,10,,,
"PUSH","May 22, 2026, 1:12 PM","May 22, 2026, 1:55 PM","","Bench Press (Dumbbell)",,"",2,"normal",28,10,,,
"PUSH","May 22, 2026, 1:12 PM","May 22, 2026, 1:55 PM","","Lateral Raise (Dumbbell)",,"",0,"normal",6,8,,,
"PUSH","May 22, 2026, 1:12 PM","May 22, 2026, 1:55 PM","","Lateral Raise (Dumbbell)",,"",1,"normal",6,8,,,
"PUSH","May 22, 2026, 1:12 PM","May 22, 2026, 1:55 PM","","Lateral Raise (Dumbbell)",,"",2,"normal",6,8,,,
"PUSH","May 22, 2026, 1:12 PM","May 22, 2026, 1:55 PM","","Skullcrusher (Dumbbell)",,"",0,"normal",10,10,,,
"PUSH","May 22, 2026, 1:12 PM","May 22, 2026, 1:55 PM","","Skullcrusher (Dumbbell)",,"",1,"normal",7.5,6,,,
"PUSH","May 22, 2026, 1:12 PM","May 22, 2026, 1:55 PM","","Skullcrusher (Dumbbell)",,"",2,"normal",5,12,,,
"LEGS","May 20, 2026, 1:37 PM","May 20, 2026, 2:15 PM","","Squat (Barbell)",,"",0,"normal",30,12,,,
"LEGS","May 20, 2026, 1:37 PM","May 20, 2026, 2:15 PM","","Squat (Barbell)",,"",1,"normal",30,12,,,
"LEGS","May 20, 2026, 1:37 PM","May 20, 2026, 2:15 PM","","Squat (Barbell)",,"",2,"normal",30,12,,,
"LEGS","May 20, 2026, 1:37 PM","May 20, 2026, 2:15 PM","","Bulgarian Split Squat",,"",0,"normal",5,12,,,
"LEGS","May 20, 2026, 1:37 PM","May 20, 2026, 2:15 PM","","Bulgarian Split Squat",,"",1,"normal",6,10,,,
"LEGS","May 20, 2026, 1:37 PM","May 20, 2026, 2:15 PM","","Bulgarian Split Squat",,"",2,"normal",6,10,,,
"LEGS","May 20, 2026, 1:37 PM","May 20, 2026, 2:15 PM","","Glute Ham Raise",,"",0,"normal",,12,,,
"LEGS","May 20, 2026, 1:37 PM","May 20, 2026, 2:15 PM","","Glute Ham Raise",,"",1,"normal",,12,,,
"LEGS","May 20, 2026, 1:37 PM","May 20, 2026, 2:15 PM","","Glute Ham Raise",,"",2,"normal",,12,,,
"LEGS","May 20, 2026, 1:37 PM","May 20, 2026, 2:15 PM","","Standing Calf Raise",,"",0,"normal",,12,,,
"LEGS","May 20, 2026, 1:37 PM","May 20, 2026, 2:15 PM","","Standing Calf Raise",,"",1,"normal",,12,,,
"LEGS","May 20, 2026, 1:37 PM","May 20, 2026, 2:15 PM","","Standing Calf Raise",,"",2,"normal",,12,,,
"LEGS","May 20, 2026, 1:37 PM","May 20, 2026, 2:15 PM","","Seated Calf Raise",,"",0,"normal",35,12,,,
"LEGS","May 20, 2026, 1:37 PM","May 20, 2026, 2:15 PM","","Seated Calf Raise",,"",1,"normal",35,12,,,
"LEGS","May 20, 2026, 1:37 PM","May 20, 2026, 2:15 PM","","Seated Calf Raise",,"",2,"normal",35,12,,,
"PULL","May 19, 2026, 12:34 PM","May 19, 2026, 1:12 PM","","Bent Over Row (Barbell)",,"",0,"normal",35,10,,,
"PULL","May 19, 2026, 12:34 PM","May 19, 2026, 1:12 PM","","Bent Over Row (Barbell)",,"",1,"normal",35,10,,,
"PULL","May 19, 2026, 12:34 PM","May 19, 2026, 1:12 PM","","Bent Over Row (Barbell)",,"",2,"normal",35,10,,,
"PULL","May 19, 2026, 12:34 PM","May 19, 2026, 1:12 PM","","Lat Pulldown (Cable)",,"",0,"normal",35,12,,,
"PULL","May 19, 2026, 12:34 PM","May 19, 2026, 1:12 PM","","Lat Pulldown (Cable)",,"",1,"normal",35,10,,,
"PULL","May 19, 2026, 12:34 PM","May 19, 2026, 1:12 PM","","Lat Pulldown (Cable)",,"",2,"normal",35,10,,,
"PULL","May 19, 2026, 12:34 PM","May 19, 2026, 1:12 PM","","Chest Supported Incline Row (Dumbbell)",,"",0,"normal",12,10,,,
"PULL","May 19, 2026, 12:34 PM","May 19, 2026, 1:12 PM","","Chest Supported Incline Row (Dumbbell)",,"",1,"normal",12,10,,,
"PULL","May 19, 2026, 12:34 PM","May 19, 2026, 1:12 PM","","Chest Supported Incline Row (Dumbbell)",,"",2,"normal",12,8,,,
"PULL","May 19, 2026, 12:34 PM","May 19, 2026, 1:12 PM","","Bicep Curl (Barbell)",,"",0,"normal",25,10,,,
"PULL","May 19, 2026, 12:34 PM","May 19, 2026, 1:12 PM","","Bicep Curl (Barbell)",,"",1,"normal",25,10,,,
"PULL","May 19, 2026, 12:34 PM","May 19, 2026, 1:12 PM","","Bicep Curl (Barbell)",,"",2,"normal",25,8,,,
"PULL","May 19, 2026, 12:34 PM","May 19, 2026, 1:12 PM","","Face Pull",,"",0,"normal",10,12,,,
"PULL","May 19, 2026, 12:34 PM","May 19, 2026, 1:12 PM","","Face Pull",,"",1,"normal",12.5,10,,,
"PULL","May 19, 2026, 12:34 PM","May 19, 2026, 1:12 PM","","Face Pull",,"",2,"normal",12.5,10,,,
"PUSH","May 18, 2026, 1:35 PM","May 18, 2026, 2:18 PM","","Incline Bench Press (Barbell)",,"",0,"normal",35,12,,,
"PUSH","May 18, 2026, 1:35 PM","May 18, 2026, 2:18 PM","","Incline Bench Press (Barbell)",,"",1,"normal",37.5,10,,,
"PUSH","May 18, 2026, 1:35 PM","May 18, 2026, 2:18 PM","","Incline Bench Press (Barbell)",,"",2,"normal",37.5,10,,,
"PUSH","May 18, 2026, 1:35 PM","May 18, 2026, 2:18 PM","","Shoulder Press (Dumbbell)",,"",0,"normal",24,12,,,
"PUSH","May 18, 2026, 1:35 PM","May 18, 2026, 2:18 PM","","Shoulder Press (Dumbbell)",,"",1,"normal",24,12,,,
"PUSH","May 18, 2026, 1:35 PM","May 18, 2026, 2:18 PM","","Shoulder Press (Dumbbell)",,"",2,"normal",24,9,,,
"PUSH","May 18, 2026, 1:35 PM","May 18, 2026, 2:18 PM","","Bench Press (Dumbbell)",,"",0,"normal",28,10,,,
"PUSH","May 18, 2026, 1:35 PM","May 18, 2026, 2:18 PM","","Bench Press (Dumbbell)",,"",1,"normal",28,8,,,
"PUSH","May 18, 2026, 1:35 PM","May 18, 2026, 2:18 PM","","Bench Press (Dumbbell)",,"",2,"normal",28,8,,,
"PUSH","May 18, 2026, 1:35 PM","May 18, 2026, 2:18 PM","","Lateral Raise (Dumbbell)",,"",0,"normal",5,12,,,
"PUSH","May 18, 2026, 1:35 PM","May 18, 2026, 2:18 PM","","Lateral Raise (Dumbbell)",,"",1,"normal",5,12,,,
"PUSH","May 18, 2026, 1:35 PM","May 18, 2026, 2:18 PM","","Lateral Raise (Dumbbell)",,"",2,"normal",5,12,,,
"PUSH","May 18, 2026, 1:35 PM","May 18, 2026, 2:18 PM","","Skullcrusher (Dumbbell)",,"",0,"normal",7.5,12,,,
"PUSH","May 18, 2026, 1:35 PM","May 18, 2026, 2:18 PM","","Skullcrusher (Dumbbell)",,"",1,"normal",10,10,,,
"PUSH","May 18, 2026, 1:35 PM","May 18, 2026, 2:18 PM","","Skullcrusher (Dumbbell)",,"",2,"normal",10,8,,,
"PUSH","May 15, 2026, 1:09 PM","May 15, 2026, 1:53 PM","","Incline Bench Press (Barbell)",,"",0,"normal",35,12,,,
"PUSH","May 15, 2026, 1:09 PM","May 15, 2026, 1:53 PM","","Incline Bench Press (Barbell)",,"",1,"normal",35,12,,,
"PUSH","May 15, 2026, 1:09 PM","May 15, 2026, 1:53 PM","","Incline Bench Press (Barbell)",,"",2,"normal",35,12,,,
"PUSH","May 15, 2026, 1:09 PM","May 15, 2026, 1:53 PM","","Shoulder Press (Dumbbell)",,"",0,"normal",24,12,,,
"PUSH","May 15, 2026, 1:09 PM","May 15, 2026, 1:53 PM","","Shoulder Press (Dumbbell)",,"",1,"normal",24,11,,,
"PUSH","May 15, 2026, 1:09 PM","May 15, 2026, 1:53 PM","","Shoulder Press (Dumbbell)",,"",2,"normal",24,10,,,
"PUSH","May 15, 2026, 1:09 PM","May 15, 2026, 1:53 PM","","Bench Press (Dumbbell)",,"",0,"normal",24,12,,,
"PUSH","May 15, 2026, 1:09 PM","May 15, 2026, 1:53 PM","","Bench Press (Dumbbell)",,"",1,"normal",24,12,,,
"PUSH","May 15, 2026, 1:09 PM","May 15, 2026, 1:53 PM","","Bench Press (Dumbbell)",,"",2,"normal",24,12,,,
"PUSH","May 15, 2026, 1:09 PM","May 15, 2026, 1:53 PM","","Lateral Raise (Dumbbell)",,"",0,"normal",5,12,,,
"PUSH","May 15, 2026, 1:09 PM","May 15, 2026, 1:53 PM","","Lateral Raise (Dumbbell)",,"",1,"normal",5,12,,,
"PUSH","May 15, 2026, 1:09 PM","May 15, 2026, 1:53 PM","","Lateral Raise (Dumbbell)",,"",2,"normal",5,12,,,
"PUSH","May 15, 2026, 1:09 PM","May 15, 2026, 1:53 PM","","Skullcrusher (Dumbbell)",,"",0,"normal",7.5,12,,,
"PUSH","May 15, 2026, 1:09 PM","May 15, 2026, 1:53 PM","","Skullcrusher (Dumbbell)",,"",1,"normal",7.5,12,,,
"PUSH","May 15, 2026, 1:09 PM","May 15, 2026, 1:53 PM","","Skullcrusher (Dumbbell)",,"",2,"normal",7.5,12,,,
"LEGS","May 14, 2026, 1:36 PM","May 14, 2026, 2:21 PM","","Squat (Barbell)",,"",0,"normal",20,10,,,
"LEGS","May 14, 2026, 1:36 PM","May 14, 2026, 2:21 PM","","Squat (Barbell)",,"",1,"normal",20,10,,,
"LEGS","May 14, 2026, 1:36 PM","May 14, 2026, 2:21 PM","","Squat (Barbell)",,"",2,"normal",20,10,,,
"LEGS","May 14, 2026, 1:36 PM","May 14, 2026, 2:21 PM","","Bulgarian Split Squat",,"",0,"normal",5,10,,,
"LEGS","May 14, 2026, 1:36 PM","May 14, 2026, 2:21 PM","","Bulgarian Split Squat",,"",1,"normal",5,10,,,
"LEGS","May 14, 2026, 1:36 PM","May 14, 2026, 2:21 PM","","Bulgarian Split Squat",,"",2,"normal",5,10,,,
"LEGS","May 14, 2026, 1:36 PM","May 14, 2026, 2:21 PM","","Standing Calf Raise",,"",0,"normal",,12,,,
"LEGS","May 14, 2026, 1:36 PM","May 14, 2026, 2:21 PM","","Standing Calf Raise",,"",1,"normal",,12,,,
"LEGS","May 14, 2026, 1:36 PM","May 14, 2026, 2:21 PM","","Standing Calf Raise",,"",2,"normal",,12,,,
"LEGS","May 14, 2026, 1:36 PM","May 14, 2026, 2:21 PM","","Seated Calf Raise",,"",0,"normal",35,12,,,
"LEGS","May 14, 2026, 1:36 PM","May 14, 2026, 2:21 PM","","Seated Calf Raise",,"",1,"normal",35,12,,,
"LEGS","May 14, 2026, 1:36 PM","May 14, 2026, 2:21 PM","","Seated Calf Raise",,"",2,"normal",35,10,,,
"PULL","May 12, 2026, 12:54 PM","May 12, 2026, 1:34 PM","","Bent Over Row (Barbell)",,"",0,"normal",30,12,,,
"PULL","May 12, 2026, 12:54 PM","May 12, 2026, 1:34 PM","","Bent Over Row (Barbell)",,"",1,"normal",32.5,10,,,
"PULL","May 12, 2026, 12:54 PM","May 12, 2026, 1:34 PM","","Bent Over Row (Barbell)",,"",2,"normal",32.5,10,,,
"PULL","May 12, 2026, 12:54 PM","May 12, 2026, 1:34 PM","","Lat Pulldown (Cable)",,"",0,"normal",30,12,,,
"PULL","May 12, 2026, 12:54 PM","May 12, 2026, 1:34 PM","","Lat Pulldown (Cable)",,"",1,"normal",35,10,,,
"PULL","May 12, 2026, 12:54 PM","May 12, 2026, 1:34 PM","","Lat Pulldown (Cable)",,"",2,"normal",35,6,,,
"PULL","May 12, 2026, 12:54 PM","May 12, 2026, 1:34 PM","","Chest Supported Incline Row (Dumbbell)",,"",0,"normal",12,10,,,
"PULL","May 12, 2026, 12:54 PM","May 12, 2026, 1:34 PM","","Chest Supported Incline Row (Dumbbell)",,"",1,"normal",12,8,,,
"PULL","May 12, 2026, 12:54 PM","May 12, 2026, 1:34 PM","","Chest Supported Incline Row (Dumbbell)",,"",2,"normal",12,8,,,
"PULL","May 12, 2026, 12:54 PM","May 12, 2026, 1:34 PM","","Bicep Curl (Barbell)",,"",0,"normal",25,10,,,
"PULL","May 12, 2026, 12:54 PM","May 12, 2026, 1:34 PM","","Bicep Curl (Barbell)",,"",1,"normal",25,8,,,
"PULL","May 12, 2026, 12:54 PM","May 12, 2026, 1:34 PM","","Bicep Curl (Barbell)",,"",2,"normal",25,8,,,
"PULL","May 12, 2026, 12:54 PM","May 12, 2026, 1:34 PM","","Face Pull",,"",0,"normal",10,12,,,
"PULL","May 12, 2026, 12:54 PM","May 12, 2026, 1:34 PM","","Face Pull",,"",1,"normal",10,12,,,
"PULL","May 12, 2026, 12:54 PM","May 12, 2026, 1:34 PM","","Face Pull",,"",2,"normal",10,12,,,
"PUSH","May 11, 2026, 1:15 PM","May 11, 2026, 1:55 PM","","Incline Bench Press (Barbell)",,"",0,"normal",35,12,,,
"PUSH","May 11, 2026, 1:15 PM","May 11, 2026, 1:55 PM","","Incline Bench Press (Barbell)",,"",1,"normal",35,10,,,
"PUSH","May 11, 2026, 1:15 PM","May 11, 2026, 1:55 PM","","Incline Bench Press (Barbell)",,"",2,"normal",35,8,,,
"PUSH","May 11, 2026, 1:15 PM","May 11, 2026, 1:55 PM","","Shoulder Press (Dumbbell)",,"",0,"normal",24,10,,,
"PUSH","May 11, 2026, 1:15 PM","May 11, 2026, 1:55 PM","","Shoulder Press (Dumbbell)",,"",1,"normal",24,10,,,
"PUSH","May 11, 2026, 1:15 PM","May 11, 2026, 1:55 PM","","Shoulder Press (Dumbbell)",,"",2,"normal",24,10,,,
"PUSH","May 11, 2026, 1:15 PM","May 11, 2026, 1:55 PM","","Bench Press (Dumbbell)",,"",0,"normal",24,12,,,
"PUSH","May 11, 2026, 1:15 PM","May 11, 2026, 1:55 PM","","Bench Press (Dumbbell)",,"",1,"normal",24,12,,,
"PUSH","May 11, 2026, 1:15 PM","May 11, 2026, 1:55 PM","","Bench Press (Dumbbell)",,"",2,"normal",24,10,,,
"PUSH","May 11, 2026, 1:15 PM","May 11, 2026, 1:55 PM","","Lateral Raise (Dumbbell)",,"",0,"normal",5,12,,,
"PUSH","May 11, 2026, 1:15 PM","May 11, 2026, 1:55 PM","","Lateral Raise (Dumbbell)",,"",1,"normal",5,12,,,
"PUSH","May 11, 2026, 1:15 PM","May 11, 2026, 1:55 PM","","Lateral Raise (Dumbbell)",,"",2,"normal",5,12,,,
"PUSH","May 11, 2026, 1:15 PM","May 11, 2026, 1:55 PM","","Skullcrusher (Dumbbell)",,"",0,"normal",10,10,,,
"PUSH","May 11, 2026, 1:15 PM","May 11, 2026, 1:55 PM","","Skullcrusher (Dumbbell)",,"",1,"normal",10,8,,,
"PUSH","May 11, 2026, 1:15 PM","May 11, 2026, 1:55 PM","","Skullcrusher (Dumbbell)",,"",2,"normal",10,6,,,
"PUSH","May 8, 2026, 1:27 PM","May 8, 2026, 2:12 PM","","Incline Bench Press (Barbell)",,"",0,"normal",30,12,,,
"PUSH","May 8, 2026, 1:27 PM","May 8, 2026, 2:12 PM","","Incline Bench Press (Barbell)",,"",1,"normal",30,12,,,
"PUSH","May 8, 2026, 1:27 PM","May 8, 2026, 2:12 PM","","Incline Bench Press (Barbell)",,"",2,"normal",30,12,,,
"PUSH","May 8, 2026, 1:27 PM","May 8, 2026, 2:12 PM","","Shoulder Press (Dumbbell)",,"",0,"normal",20,10,,,
"PUSH","May 8, 2026, 1:27 PM","May 8, 2026, 2:12 PM","","Shoulder Press (Dumbbell)",,"",1,"normal",20,10,,,
"PUSH","May 8, 2026, 1:27 PM","May 8, 2026, 2:12 PM","","Shoulder Press (Dumbbell)",,"",2,"normal",20,10,,,
"PUSH","May 8, 2026, 1:27 PM","May 8, 2026, 2:12 PM","","Bench Press (Dumbbell)",,"",0,"normal",24,10,,,
"PUSH","May 8, 2026, 1:27 PM","May 8, 2026, 2:12 PM","","Bench Press (Dumbbell)",,"",1,"normal",24,10,,,
"PUSH","May 8, 2026, 1:27 PM","May 8, 2026, 2:12 PM","","Bench Press (Dumbbell)",,"",2,"normal",24,12,,,
"PUSH","May 8, 2026, 1:27 PM","May 8, 2026, 2:12 PM","","Lateral Raise (Dumbbell)",,"",0,"normal",5,12,,,
"PUSH","May 8, 2026, 1:27 PM","May 8, 2026, 2:12 PM","","Lateral Raise (Dumbbell)",,"",1,"normal",5,12,,,
"PUSH","May 8, 2026, 1:27 PM","May 8, 2026, 2:12 PM","","Lateral Raise (Dumbbell)",,"",2,"normal",5,10,,,
"PUSH","May 8, 2026, 1:27 PM","May 8, 2026, 2:12 PM","","Skullcrusher (Dumbbell)",,"",0,"normal",7.5,12,,,
"PUSH","May 8, 2026, 1:27 PM","May 8, 2026, 2:12 PM","","Skullcrusher (Dumbbell)",,"",1,"normal",7.5,12,,,
"PUSH","May 8, 2026, 1:27 PM","May 8, 2026, 2:12 PM","","Skullcrusher (Dumbbell)",,"",2,"normal",7.5,12,,,
"LEGS","May 7, 2026, 1:19 PM","May 7, 2026, 1:54 PM","","Squat (Barbell)",,"",0,"normal",20,12,,,
"LEGS","May 7, 2026, 1:19 PM","May 7, 2026, 1:54 PM","","Squat (Barbell)",,"",1,"normal",20,12,,,
"LEGS","May 7, 2026, 1:19 PM","May 7, 2026, 1:54 PM","","Squat (Barbell)",,"",2,"normal",20,12,,,
"LEGS","May 7, 2026, 1:19 PM","May 7, 2026, 1:54 PM","","Bulgarian Split Squat",,"",0,"normal",5,10,,,
"LEGS","May 7, 2026, 1:19 PM","May 7, 2026, 1:54 PM","","Bulgarian Split Squat",,"",1,"normal",5,10,,,
"LEGS","May 7, 2026, 1:19 PM","May 7, 2026, 1:54 PM","","Bulgarian Split Squat",,"",2,"normal",5,10,,,
"LEGS","May 7, 2026, 1:19 PM","May 7, 2026, 1:54 PM","","Standing Calf Raise",,"",0,"normal",,12,,,
"LEGS","May 7, 2026, 1:19 PM","May 7, 2026, 1:54 PM","","Standing Calf Raise",,"",1,"normal",,12,,,
"LEGS","May 7, 2026, 1:19 PM","May 7, 2026, 1:54 PM","","Standing Calf Raise",,"",2,"normal",,12,,,
"LEGS","May 7, 2026, 1:19 PM","May 7, 2026, 1:54 PM","","Seated Calf Raise",,"",0,"normal",20,12,,,
"LEGS","May 7, 2026, 1:19 PM","May 7, 2026, 1:54 PM","","Seated Calf Raise",,"",1,"normal",20,12,,,
"LEGS","May 7, 2026, 1:19 PM","May 7, 2026, 1:54 PM","","Seated Calf Raise",,"",2,"normal",20,12,,,
"PULL","May 5, 2026, 12:53 PM","May 5, 2026, 1:22 PM","","Bent Over Row (Barbell)",,"",0,"normal",30,12,,,
"PULL","May 5, 2026, 12:53 PM","May 5, 2026, 1:22 PM","","Bent Over Row (Barbell)",,"",1,"normal",30,12,,,
"PULL","May 5, 2026, 12:53 PM","May 5, 2026, 1:22 PM","","Bent Over Row (Barbell)",,"",2,"normal",30,12,,,
"PULL","May 5, 2026, 12:53 PM","May 5, 2026, 1:22 PM","","Lat Pulldown (Cable)",,"",0,"normal",30,12,,,
"PULL","May 5, 2026, 12:53 PM","May 5, 2026, 1:22 PM","","Lat Pulldown (Cable)",,"",1,"normal",30,12,,,
"PULL","May 5, 2026, 12:53 PM","May 5, 2026, 1:22 PM","","Lat Pulldown (Cable)",,"",2,"normal",30,12,,,
"PULL","May 5, 2026, 12:53 PM","May 5, 2026, 1:22 PM","","Chest Supported Incline Row (Dumbbell)",,"",0,"normal",10,12,,,
"PULL","May 5, 2026, 12:53 PM","May 5, 2026, 1:22 PM","","Chest Supported Incline Row (Dumbbell)",,"",1,"normal",10,12,,,
"PULL","May 5, 2026, 12:53 PM","May 5, 2026, 1:22 PM","","Chest Supported Incline Row (Dumbbell)",,"",2,"normal",10,12,,,
"PULL","May 5, 2026, 12:53 PM","May 5, 2026, 1:22 PM","","Bicep Curl (Barbell)",,"",0,"normal",20,12,,,
"PULL","May 5, 2026, 12:53 PM","May 5, 2026, 1:22 PM","","Bicep Curl (Barbell)",,"",1,"normal",25,8,,,
"PULL","May 5, 2026, 12:53 PM","May 5, 2026, 1:22 PM","","Bicep Curl (Barbell)",,"",2,"normal",25,8,,,
"PULL","May 5, 2026, 12:53 PM","May 5, 2026, 1:22 PM","","Face Pull",,"",0,"normal",7.5,12,,,
"PULL","May 5, 2026, 12:53 PM","May 5, 2026, 1:22 PM","","Face Pull",,"",1,"normal",10,8,,,
"PULL","May 5, 2026, 12:53 PM","May 5, 2026, 1:22 PM","","Face Pull",,"",2,"normal",10,10,,,
"PUSH","May 4, 2026, 1:59 PM","May 4, 2026, 2:40 PM","First day back","Incline Bench Press (Barbell)",,"",0,"normal",20,12,,,
"PUSH","May 4, 2026, 1:59 PM","May 4, 2026, 2:40 PM","First day back","Incline Bench Press (Barbell)",,"",1,"normal",25,12,,,
"PUSH","May 4, 2026, 1:59 PM","May 4, 2026, 2:40 PM","First day back","Incline Bench Press (Barbell)",,"",2,"normal",30,12,,,
"PUSH","May 4, 2026, 1:59 PM","May 4, 2026, 2:40 PM","First day back","Shoulder Press (Dumbbell)",,"",0,"normal",10,12,,,
"PUSH","May 4, 2026, 1:59 PM","May 4, 2026, 2:40 PM","First day back","Shoulder Press (Dumbbell)",,"",1,"normal",20,12,,,
"PUSH","May 4, 2026, 1:59 PM","May 4, 2026, 2:40 PM","First day back","Shoulder Press (Dumbbell)",,"",2,"normal",20,10,,,
"PUSH","May 4, 2026, 1:59 PM","May 4, 2026, 2:40 PM","First day back","Bench Press (Dumbbell)",,"",0,"normal",20,12,,,
"PUSH","May 4, 2026, 1:59 PM","May 4, 2026, 2:40 PM","First day back","Bench Press (Dumbbell)",,"",1,"normal",20,12,,,
"PUSH","May 4, 2026, 1:59 PM","May 4, 2026, 2:40 PM","First day back","Bench Press (Dumbbell)",,"",2,"normal",20,12,,,
"PUSH","May 4, 2026, 1:59 PM","May 4, 2026, 2:40 PM","First day back","Lateral Raise (Dumbbell)",,"",0,"normal",5,12,,,
"PUSH","May 4, 2026, 1:59 PM","May 4, 2026, 2:40 PM","First day back","Lateral Raise (Dumbbell)",,"",1,"normal",5,11,,,
"PUSH","May 4, 2026, 1:59 PM","May 4, 2026, 2:40 PM","First day back","Lateral Raise (Dumbbell)",,"",2,"normal",5,10,,,
"PUSH","May 4, 2026, 1:59 PM","May 4, 2026, 2:40 PM","First day back","Skullcrusher (Dumbbell)",,"",0,"normal",5,12,,,
"PUSH","May 4, 2026, 1:59 PM","May 4, 2026, 2:40 PM","First day back","Skullcrusher (Dumbbell)",,"",1,"normal",7.5,10,,,
"PUSH","May 4, 2026, 1:59 PM","May 4, 2026, 2:40 PM","First day back","Skullcrusher (Dumbbell)",,"",2,"normal",7.5,10,,,
"PULL","Sep 28, 2025, 6:16 PM","Sep 28, 2025, 7:05 PM","Yeeesshhhhahahgahhahahahahahahshdhgshshd","Pull Up",,"",0,"normal",,5,,,
"PULL","Sep 28, 2025, 6:16 PM","Sep 28, 2025, 7:05 PM","Yeeesshhhhahahgahhahahahahahahshdhgshshd","Pull Up",,"",1,"normal",,4,,,
"PULL","Sep 28, 2025, 6:16 PM","Sep 28, 2025, 7:05 PM","Yeeesshhhhahahgahhahahahahahahshdhgshshd","Pull Up",,"",2,"normal",,2,,,
"PULL","Sep 28, 2025, 6:16 PM","Sep 28, 2025, 7:05 PM","Yeeesshhhhahahgahhahahahahahahshdhgshshd","Pull Up",,"",3,"normal",,1,,,
"PULL","Sep 28, 2025, 6:16 PM","Sep 28, 2025, 7:05 PM","Yeeesshhhhahahgahhahahahahahahshdhgshshd","Bent Over Row (Barbell)",,"",0,"normal",32.5,12,,,
"PULL","Sep 28, 2025, 6:16 PM","Sep 28, 2025, 7:05 PM","Yeeesshhhhahahgahhahahahahahahshdhgshshd","Bent Over Row (Barbell)",,"",1,"normal",35,10,,,
"PULL","Sep 28, 2025, 6:16 PM","Sep 28, 2025, 7:05 PM","Yeeesshhhhahahgahhahahahahahahshdhgshshd","Bent Over Row (Barbell)",,"",2,"normal",35,10,,,
"PULL","Sep 28, 2025, 6:16 PM","Sep 28, 2025, 7:05 PM","Yeeesshhhhahahgahhahahahahahahshdhgshshd","Bent Over Row (Barbell)",,"",3,"normal",35,10,,,
"PULL","Sep 28, 2025, 6:16 PM","Sep 28, 2025, 7:05 PM","Yeeesshhhhahahgahhahahahahahahshdhgshshd","Lat Pulldown (Cable)",,"",0,"normal",40,12,,,
"PULL","Sep 28, 2025, 6:16 PM","Sep 28, 2025, 7:05 PM","Yeeesshhhhahahgahhahahahahahahshdhgshshd","Lat Pulldown (Cable)",,"",1,"normal",40,12,,,
"PULL","Sep 28, 2025, 6:16 PM","Sep 28, 2025, 7:05 PM","Yeeesshhhhahahgahhahahahahahahshdhgshshd","Lat Pulldown (Cable)",,"",2,"normal",40,12,,,
"PULL","Sep 28, 2025, 6:16 PM","Sep 28, 2025, 7:05 PM","Yeeesshhhhahahgahhahahahahahahshdhgshshd","Lat Pulldown (Cable)",,"",3,"normal",40,12,,,
"PULL","Sep 28, 2025, 6:16 PM","Sep 28, 2025, 7:05 PM","Yeeesshhhhahahgahhahahahahahahshdhgshshd","Bicep Curl (Dumbbell)",,"",0,"normal",10,10,,,
"PULL","Sep 28, 2025, 6:16 PM","Sep 28, 2025, 7:05 PM","Yeeesshhhhahahgahhahahahahahahshdhgshshd","Bicep Curl (Dumbbell)",,"",1,"normal",10,10,,,
"PULL","Sep 28, 2025, 6:16 PM","Sep 28, 2025, 7:05 PM","Yeeesshhhhahahgahhahahahahahahshdhgshshd","Bicep Curl (Dumbbell)",,"",2,"normal",10,10,,,
"PULL","Sep 28, 2025, 6:16 PM","Sep 28, 2025, 7:05 PM","Yeeesshhhhahahgahhahahahahahahshdhgshshd","Bicep Curl (Dumbbell)",,"",3,"normal",10,10,,,
"PUSH","Sep 27, 2025, 10:21 AM","Sep 27, 2025, 11:21 AM","","Incline Bench Press (Dumbbell)",,"",0,"normal",20,10,,,
"PUSH","Sep 27, 2025, 10:21 AM","Sep 27, 2025, 11:21 AM","","Incline Bench Press (Dumbbell)",,"",1,"normal",20,10,,,
"PUSH","Sep 27, 2025, 10:21 AM","Sep 27, 2025, 11:21 AM","","Incline Bench Press (Dumbbell)",,"",2,"normal",20,10,,,
"PUSH","Sep 27, 2025, 10:21 AM","Sep 27, 2025, 11:21 AM","","Incline Bench Press (Dumbbell)",,"",3,"normal",20,8,,,
"PUSH","Sep 27, 2025, 10:21 AM","Sep 27, 2025, 11:21 AM","","Overhead Press (Barbell)",,"",0,"normal",32.5,6,,,
"PUSH","Sep 27, 2025, 10:21 AM","Sep 27, 2025, 11:21 AM","","Overhead Press (Barbell)",,"",1,"normal",32.5,6,,,
"PUSH","Sep 27, 2025, 10:21 AM","Sep 27, 2025, 11:21 AM","","Overhead Press (Barbell)",,"",2,"normal",32.5,5,,,
"PUSH","Sep 27, 2025, 10:21 AM","Sep 27, 2025, 11:21 AM","","Overhead Press (Barbell)",,"",3,"normal",32.5,5,,,
"PUSH","Sep 27, 2025, 10:21 AM","Sep 27, 2025, 11:21 AM","","Lateral Raise (Dumbbell)",,"",0,"normal",6,10,,,
"PUSH","Sep 27, 2025, 10:21 AM","Sep 27, 2025, 11:21 AM","","Lateral Raise (Dumbbell)",,"",1,"normal",6,10,,,
"PUSH","Sep 27, 2025, 10:21 AM","Sep 27, 2025, 11:21 AM","","Lateral Raise (Dumbbell)",,"",2,"normal",6,10,,,
"PUSH","Sep 27, 2025, 10:21 AM","Sep 27, 2025, 11:21 AM","","Lateral Raise (Dumbbell)",,"",3,"normal",6,10,,,
"LEGS","Sep 25, 2025, 9:45 AM","Sep 25, 2025, 10:44 AM","","Squat (Barbell)",,"",0,"normal",40,10,,,
"LEGS","Sep 25, 2025, 9:45 AM","Sep 25, 2025, 10:44 AM","","Squat (Barbell)",,"",1,"normal",60,6,,,
"LEGS","Sep 25, 2025, 9:45 AM","Sep 25, 2025, 10:44 AM","","Squat (Barbell)",,"",2,"normal",60,6,,,
"LEGS","Sep 25, 2025, 9:45 AM","Sep 25, 2025, 10:44 AM","","Squat (Barbell)",,"",3,"normal",40,12,,,
"LEGS","Sep 25, 2025, 9:45 AM","Sep 25, 2025, 10:44 AM","","Romanian Deadlift (Barbell)",,"",0,"normal",60,10,,,
"LEGS","Sep 25, 2025, 9:45 AM","Sep 25, 2025, 10:44 AM","","Romanian Deadlift (Barbell)",,"",1,"normal",60,8,,,
"LEGS","Sep 25, 2025, 9:45 AM","Sep 25, 2025, 10:44 AM","","Romanian Deadlift (Barbell)",,"",2,"normal",60,8,,,
"LEGS","Sep 25, 2025, 9:45 AM","Sep 25, 2025, 10:44 AM","","Romanian Deadlift (Barbell)",,"",3,"normal",60,10,,,
"LEGS","Sep 25, 2025, 9:45 AM","Sep 25, 2025, 10:44 AM","","Bulgarian Split Squat",,"",0,"normal",6,8,,,
"LEGS","Sep 25, 2025, 9:45 AM","Sep 25, 2025, 10:44 AM","","Bulgarian Split Squat",,"",1,"normal",6,8,,,
"LEGS","Sep 25, 2025, 9:45 AM","Sep 25, 2025, 10:44 AM","","Bulgarian Split Squat",,"",2,"normal",6,8,,,
"LEGS","Sep 25, 2025, 9:45 AM","Sep 25, 2025, 10:44 AM","","Bulgarian Split Squat",,"",3,"normal",6,8,,,
"PULL","Sep 23, 2025, 9:31 AM","Sep 23, 2025, 10:16 AM","Eat more protein","Pull Up",,"",0,"normal",,5,,,
"PULL","Sep 23, 2025, 9:31 AM","Sep 23, 2025, 10:16 AM","Eat more protein","Pull Up",,"",1,"normal",,4,,,
"PULL","Sep 23, 2025, 9:31 AM","Sep 23, 2025, 10:16 AM","Eat more protein","Pull Up",,"",2,"normal",,3,,,
"PULL","Sep 23, 2025, 9:31 AM","Sep 23, 2025, 10:16 AM","Eat more protein","Pull Up",,"",3,"normal",,3,,,
"PULL","Sep 23, 2025, 9:31 AM","Sep 23, 2025, 10:16 AM","Eat more protein","Bent Over Row (Barbell)",,"",0,"normal",32.5,12,,,
"PULL","Sep 23, 2025, 9:31 AM","Sep 23, 2025, 10:16 AM","Eat more protein","Bent Over Row (Barbell)",,"",1,"normal",32.5,12,,,
"PULL","Sep 23, 2025, 9:31 AM","Sep 23, 2025, 10:16 AM","Eat more protein","Bent Over Row (Barbell)",,"",2,"normal",32.5,12,,,
"PULL","Sep 23, 2025, 9:31 AM","Sep 23, 2025, 10:16 AM","Eat more protein","Bent Over Row (Barbell)",,"",3,"normal",32.5,10,,,
"PULL","Sep 23, 2025, 9:31 AM","Sep 23, 2025, 10:16 AM","Eat more protein","Lat Pulldown (Cable)",,"",0,"normal",35,12,,,
"PULL","Sep 23, 2025, 9:31 AM","Sep 23, 2025, 10:16 AM","Eat more protein","Lat Pulldown (Cable)",,"",1,"normal",40,10,,,
"PULL","Sep 23, 2025, 9:31 AM","Sep 23, 2025, 10:16 AM","Eat more protein","Lat Pulldown (Cable)",,"",2,"normal",40,8,,,
"PULL","Sep 23, 2025, 9:31 AM","Sep 23, 2025, 10:16 AM","Eat more protein","Lat Pulldown (Cable)",,"",3,"normal",40,6,,,
"PULL","Sep 23, 2025, 9:31 AM","Sep 23, 2025, 10:16 AM","Eat more protein","Bicep Curl (Dumbbell)",,"",0,"normal",10,12,,,
"PULL","Sep 23, 2025, 9:31 AM","Sep 23, 2025, 10:16 AM","Eat more protein","Bicep Curl (Dumbbell)",,"",1,"normal",10,10,,,
"PULL","Sep 23, 2025, 9:31 AM","Sep 23, 2025, 10:16 AM","Eat more protein","Bicep Curl (Dumbbell)",,"",2,"normal",10,8,,,
"PULL","Sep 23, 2025, 9:31 AM","Sep 23, 2025, 10:16 AM","Eat more protein","Bicep Curl (Dumbbell)",,"",3,"normal",10,8,,,
"PUSH","Sep 22, 2025, 2:38 PM","Sep 22, 2025, 3:37 PM","","Incline Bench Press (Dumbbell)",,"",0,"normal",20,10,,,
"PUSH","Sep 22, 2025, 2:38 PM","Sep 22, 2025, 3:37 PM","","Incline Bench Press (Dumbbell)",,"",1,"normal",20,10,,,
"PUSH","Sep 22, 2025, 2:38 PM","Sep 22, 2025, 3:37 PM","","Incline Bench Press (Dumbbell)",,"",2,"normal",20,10,,,
"PUSH","Sep 22, 2025, 2:38 PM","Sep 22, 2025, 3:37 PM","","Incline Bench Press (Dumbbell)",,"",3,"normal",20,10,,,
"PUSH","Sep 22, 2025, 2:38 PM","Sep 22, 2025, 3:37 PM","","Overhead Press (Barbell)",,"",0,"normal",30,8,,,
"PUSH","Sep 22, 2025, 2:38 PM","Sep 22, 2025, 3:37 PM","","Overhead Press (Barbell)",,"",1,"normal",32.5,5,,,
"PUSH","Sep 22, 2025, 2:38 PM","Sep 22, 2025, 3:37 PM","","Overhead Press (Barbell)",,"",2,"normal",32.5,5,,,
"PUSH","Sep 22, 2025, 2:38 PM","Sep 22, 2025, 3:37 PM","","Overhead Press (Barbell)",,"",3,"normal",32.5,5,,,
"PUSH","Sep 22, 2025, 2:38 PM","Sep 22, 2025, 3:37 PM","","Lateral Raise (Dumbbell)",,"",0,"normal",6,10,,,
"PUSH","Sep 22, 2025, 2:38 PM","Sep 22, 2025, 3:37 PM","","Lateral Raise (Dumbbell)",,"",1,"normal",6,10,,,
"PUSH","Sep 22, 2025, 2:38 PM","Sep 22, 2025, 3:37 PM","","Lateral Raise (Dumbbell)",,"",2,"normal",6,10,,,
"PUSH","Sep 22, 2025, 2:38 PM","Sep 22, 2025, 3:37 PM","","Lateral Raise (Dumbbell)",,"",3,"normal",6,10,,,
"PUSH","Sep 22, 2025, 2:38 PM","Sep 22, 2025, 3:37 PM","","Cable Fly Crossovers",,"",0,"normal",9,10,,,
"PUSH","Sep 22, 2025, 2:38 PM","Sep 22, 2025, 3:37 PM","","Cable Fly Crossovers",,"",1,"normal",9,8,,,
"PUSH","Sep 22, 2025, 2:38 PM","Sep 22, 2025, 3:37 PM","","Cable Fly Crossovers",,"",2,"normal",6,10,,,
"PUSH","Sep 22, 2025, 2:38 PM","Sep 22, 2025, 3:37 PM","","Cable Fly Crossovers",,"",3,"normal",6,10,,,
"PUSH","Sep 16, 2025, 12:13 PM","Sep 16, 2025, 12:55 PM","Right shoulder a bit sore","Incline Bench Press (Dumbbell)",,"",0,"normal",18,12,,,
"PUSH","Sep 16, 2025, 12:13 PM","Sep 16, 2025, 12:55 PM","Right shoulder a bit sore","Incline Bench Press (Dumbbell)",,"",1,"normal",22,8,,,
"PUSH","Sep 16, 2025, 12:13 PM","Sep 16, 2025, 12:55 PM","Right shoulder a bit sore","Incline Bench Press (Dumbbell)",,"",2,"normal",22,8,,,
"PUSH","Sep 16, 2025, 12:13 PM","Sep 16, 2025, 12:55 PM","Right shoulder a bit sore","Incline Bench Press (Dumbbell)",,"",3,"normal",22,8,,,
"PUSH","Sep 16, 2025, 12:13 PM","Sep 16, 2025, 12:55 PM","Right shoulder a bit sore","Overhead Press (Barbell)",,"",0,"normal",30,8,,,
"PUSH","Sep 16, 2025, 12:13 PM","Sep 16, 2025, 12:55 PM","Right shoulder a bit sore","Overhead Press (Barbell)",,"",1,"normal",30,8,,,
"PUSH","Sep 16, 2025, 12:13 PM","Sep 16, 2025, 12:55 PM","Right shoulder a bit sore","Overhead Press (Barbell)",,"",2,"normal",30,8,,,
"PUSH","Sep 16, 2025, 12:13 PM","Sep 16, 2025, 12:55 PM","Right shoulder a bit sore","Overhead Press (Barbell)",,"",3,"normal",30,8,,,
"PUSH","Sep 16, 2025, 12:13 PM","Sep 16, 2025, 12:55 PM","Right shoulder a bit sore","Lateral Raise (Dumbbell)",,"",0,"normal",5,10,,,
"PUSH","Sep 16, 2025, 12:13 PM","Sep 16, 2025, 12:55 PM","Right shoulder a bit sore","Lateral Raise (Dumbbell)",,"",1,"normal",5,10,,,
"PUSH","Sep 16, 2025, 12:13 PM","Sep 16, 2025, 12:55 PM","Right shoulder a bit sore","Lateral Raise (Dumbbell)",,"",2,"normal",5,10,,,
"PUSH","Sep 16, 2025, 12:13 PM","Sep 16, 2025, 12:55 PM","Right shoulder a bit sore","Lateral Raise (Dumbbell)",,"",3,"normal",5,10,,,
"PUSH","Sep 16, 2025, 12:13 PM","Sep 16, 2025, 12:55 PM","Right shoulder a bit sore","Cable Fly Crossovers",,"",0,"normal",9,10,,,
"PUSH","Sep 16, 2025, 12:13 PM","Sep 16, 2025, 12:55 PM","Right shoulder a bit sore","Cable Fly Crossovers",,"",1,"normal",6,10,,,
"PUSH","Sep 16, 2025, 12:13 PM","Sep 16, 2025, 12:55 PM","Right shoulder a bit sore","Cable Fly Crossovers",,"",2,"normal",6,10,,,
"PUSH","Sep 16, 2025, 12:13 PM","Sep 16, 2025, 12:55 PM","Right shoulder a bit sore","Cable Fly Crossovers",,"",3,"normal",6,10,,,
"PULL","Sep 14, 2025, 4:31 PM","Sep 14, 2025, 5:15 PM","Probs can do one more bicep","Pull Up",,"",0,"normal",,5,,,
"PULL","Sep 14, 2025, 4:31 PM","Sep 14, 2025, 5:15 PM","Probs can do one more bicep","Pull Up",,"",1,"normal",,3,,,
"PULL","Sep 14, 2025, 4:31 PM","Sep 14, 2025, 5:15 PM","Probs can do one more bicep","Pull Up",,"",2,"normal",,2,,,
"PULL","Sep 14, 2025, 4:31 PM","Sep 14, 2025, 5:15 PM","Probs can do one more bicep","Pull Up",,"",3,"normal",,2,,,
"PULL","Sep 14, 2025, 4:31 PM","Sep 14, 2025, 5:15 PM","Probs can do one more bicep","Bent Over Row (Barbell)",,"",0,"normal",30,8,,,
"PULL","Sep 14, 2025, 4:31 PM","Sep 14, 2025, 5:15 PM","Probs can do one more bicep","Bent Over Row (Barbell)",,"",1,"normal",30,10,,,
"PULL","Sep 14, 2025, 4:31 PM","Sep 14, 2025, 5:15 PM","Probs can do one more bicep","Bent Over Row (Barbell)",,"",2,"normal",30,10,,,
"PULL","Sep 14, 2025, 4:31 PM","Sep 14, 2025, 5:15 PM","Probs can do one more bicep","Bent Over Row (Barbell)",,"",3,"normal",30,10,,,
"PULL","Sep 14, 2025, 4:31 PM","Sep 14, 2025, 5:15 PM","Probs can do one more bicep","Lat Pulldown (Cable)",,"",0,"normal",30,12,,,
"PULL","Sep 14, 2025, 4:31 PM","Sep 14, 2025, 5:15 PM","Probs can do one more bicep","Lat Pulldown (Cable)",,"",1,"normal",35,12,,,
"PULL","Sep 14, 2025, 4:31 PM","Sep 14, 2025, 5:15 PM","Probs can do one more bicep","Lat Pulldown (Cable)",,"",2,"normal",35,12,,,
"PULL","Sep 14, 2025, 4:31 PM","Sep 14, 2025, 5:15 PM","Probs can do one more bicep","Lat Pulldown (Cable)",,"",3,"normal",35,12,,,
"PULL","Sep 14, 2025, 4:31 PM","Sep 14, 2025, 5:15 PM","Probs can do one more bicep","Bicep Curl (Dumbbell)",,"",0,"normal",8,10,,,
"PULL","Sep 14, 2025, 4:31 PM","Sep 14, 2025, 5:15 PM","Probs can do one more bicep","Bicep Curl (Dumbbell)",,"",1,"normal",8,10,,,
"PULL","Sep 14, 2025, 4:31 PM","Sep 14, 2025, 5:15 PM","Probs can do one more bicep","Bicep Curl (Dumbbell)",,"",2,"normal",8,10,,,
"PULL","Sep 14, 2025, 4:31 PM","Sep 14, 2025, 5:15 PM","Probs can do one more bicep","Bicep Curl (Dumbbell)",,"",3,"normal",8,10,,,
"PUSH","Sep 13, 2025, 3:12 PM","Sep 13, 2025, 4:18 PM","Felt good. Tired towards the end","Incline Bench Press (Dumbbell)",,"",0,"normal",18,10,,,
"PUSH","Sep 13, 2025, 3:12 PM","Sep 13, 2025, 4:18 PM","Felt good. Tired towards the end","Incline Bench Press (Dumbbell)",,"",1,"normal",20,8,,,
"PUSH","Sep 13, 2025, 3:12 PM","Sep 13, 2025, 4:18 PM","Felt good. Tired towards the end","Incline Bench Press (Dumbbell)",,"",2,"normal",20,8,,,
"PUSH","Sep 13, 2025, 3:12 PM","Sep 13, 2025, 4:18 PM","Felt good. Tired towards the end","Incline Bench Press (Dumbbell)",,"",3,"normal",20,8,,,
"PUSH","Sep 13, 2025, 3:12 PM","Sep 13, 2025, 4:18 PM","Felt good. Tired towards the end","Overhead Press (Barbell)",,"",0,"normal",30,8,,,
"PUSH","Sep 13, 2025, 3:12 PM","Sep 13, 2025, 4:18 PM","Felt good. Tired towards the end","Overhead Press (Barbell)",,"",1,"normal",30,6,,,
"PUSH","Sep 13, 2025, 3:12 PM","Sep 13, 2025, 4:18 PM","Felt good. Tired towards the end","Overhead Press (Barbell)",,"",2,"normal",30,6,,,
"PUSH","Sep 13, 2025, 3:12 PM","Sep 13, 2025, 4:18 PM","Felt good. Tired towards the end","Overhead Press (Barbell)",,"",3,"normal",30,6,,,
"PUSH","Sep 13, 2025, 3:12 PM","Sep 13, 2025, 4:18 PM","Felt good. Tired towards the end","Lateral Raise (Dumbbell)",,"",0,"normal",4,10,,,
"PUSH","Sep 13, 2025, 3:12 PM","Sep 13, 2025, 4:18 PM","Felt good. Tired towards the end","Lateral Raise (Dumbbell)",,"",1,"normal",5,10,,,
"PUSH","Sep 13, 2025, 3:12 PM","Sep 13, 2025, 4:18 PM","Felt good. Tired towards the end","Lateral Raise (Dumbbell)",,"",2,"normal",5,10,,,
"PUSH","Sep 13, 2025, 3:12 PM","Sep 13, 2025, 4:18 PM","Felt good. Tired towards the end","Lateral Raise (Dumbbell)",,"",3,"normal",5,10,,,
"PUSH","Sep 13, 2025, 3:12 PM","Sep 13, 2025, 4:18 PM","Felt good. Tired towards the end","Low Cable Fly Crossovers",,"",0,"normal",6,10,,,
"PUSH","Sep 13, 2025, 3:12 PM","Sep 13, 2025, 4:18 PM","Felt good. Tired towards the end","Low Cable Fly Crossovers",,"",1,"normal",6,8,,,
"PUSH","Sep 13, 2025, 3:12 PM","Sep 13, 2025, 4:18 PM","Felt good. Tired towards the end","Low Cable Fly Crossovers",,"",2,"normal",6,8,,,
"PUSH","Sep 13, 2025, 3:12 PM","Sep 13, 2025, 4:18 PM","Felt good. Tired towards the end","Low Cable Fly Crossovers",,"",3,"normal",6,8,,,
"Push","Aug 21, 2025, 9:06 AM","Aug 21, 2025, 10:06 AM","","Lateral Raise (Dumbbell)",,"",0,"normal",6,10,,,
"Push","Aug 21, 2025, 9:06 AM","Aug 21, 2025, 10:06 AM","","Overhead Press (Barbell)",,"",0,"normal",30,8,,,
"Push","Aug 21, 2025, 9:06 AM","Aug 21, 2025, 10:06 AM","","Hip Hugs",,"",0,"normal",14,12,,,
"Push","Aug 21, 2025, 9:06 AM","Aug 21, 2025, 10:06 AM","","Incline Bench Press (Dumbbell)",,"",0,"normal",16,10,,,
"Push","Aug 21, 2025, 9:06 AM","Aug 21, 2025, 10:06 AM","","Bench Press (Barbell)",,"",0,"normal",30,10,,,
"Push","Aug 21, 2025, 9:06 AM","Aug 21, 2025, 10:06 AM","","Seated Chest Flys (Cable)",,"",0,"normal",2.5,10,,,